[
  {
    "NomeCompleto": "João da Silva",
    "CPF": "123.456.789-00",
    "DataNascimento": "1990-05-14",
    "Telefone": "(11) 91234-5678",
    "Email": "joao.silva@email.com",
    "Sessao": {
      "Data": "25/10/23",
      "Horario": "11:30",
      "Status": "Pago",
      "Frequencia": "Semanal"
    },
    "Genero": "Outro",
    "Endereco": "Av. Dom Pedro II, 200 - Brasília, DF",
    "Plano": "Trimestral",
    "Convenio": "Particular",
    "RG": "12.345.678-9",
    "NomeSocial": "Nome Social Fictício",
    "Idade": "33",
    "Naturalidade": "São Paulo",
    "Nacionalidade": "Brasileira",
    "Observacoes": "Nenhuma observação adicional.",
    "Profissao": "Analista de Sistemas",
    "Renda": "4500,00",
    "FormaPagamento": "Cartão de Crédito",
    "Banco": "Banco do Brasil",
    "Agencia": "1234-5",
    "Conta": "67890-1",
    "NumeroEndereco": "100",
    "Complemento": "Apto 202",
    "Bairro": "Centro",
    "Cidade": "São Paulo",
    "Estado": "SP",
    "CEP": "01000-000",
    "Escolaridade": "Superior Completo",
    "NomeParente": "Carlos Mendes",
    "Parentesco": "Irmão",
    "TelefoneParente": "(11) 91234-0000",
    "OndeNosConheceu": "Instagram",
    "EncaminhadoPor": "Médico",
    "Tags": [
      "VIP",
      "Newsletter"
    ],
    "CorIdentificacao": "#FF5733"
  },
  {
    "NomeCompleto": "Maria Oliveira",
    "CPF": "987.654.321-00",
    "DataNascimento": "1985-10-25",
    "Telefone": "(21) 99876-5432",
    "Email": "maria.oliveira@email.com",
    "Sessao": {
      "Data": "25/10/23",
      "Horario": "14:00",
      "Status": "Pagar",
      "Frequencia": "Quinzenal"
    },
    "Genero": "Masculino",
    "Endereco": "Av. Dom Pedro II, 200 - Brasília, DF",
    "Plano": "Avulso",
    "Convenio": "Bradesco Saúde",
    "RG": "12.345.678-9",
    "NomeSocial": "Nome Social Fictício",
    "Idade": "33",
    "Naturalidade": "São Paulo",
    "Nacionalidade": "Brasileira",
    "Observacoes": "Nenhuma observação adicional.",
    "Profissao": "Analista de Sistemas",
    "Renda": "4500,00",
    "FormaPagamento": "Cartão de Crédito",
    "Banco": "Banco do Brasil",
    "Agencia": "1234-5",
    "Conta": "67890-1",
    "NumeroEndereco": "100",
    "Complemento": "Apto 202",
    "Bairro": "Centro",
    "Cidade": "São Paulo",
    "Estado": "SP",
    "CEP": "01000-000",
    "Escolaridade": "Superior Completo",
    "NomeParente": "Carlos Mendes",
    "Parentesco": "Irmão",
    "TelefoneParente": "(11) 91234-0000",
    "OndeNosConheceu": "Instagram",
    "EncaminhadoPor": "Médico",
    "Tags": [
      "VIP",
      "Newsletter"
    ],
    "CorIdentificacao": "#FF5733"
  },
  {
    "NomeCompleto": "Carlos Souza",
    "CPF": "111.222.333-44",
    "DataNascimento": "1992-01-08",
    "Telefone": "(31) 91111-2222",
    "Email": "carlos.souza@email.com",
    "Sessao": {
      "Data": "26/10/23",
      "Horario": "09:00",
      "Status": "Liberado",
      "Frequencia": "Mensal"
    },
    "Genero": "Masculino",
    "Endereco": "Av. Brasil, 456 - Rio de Janeiro, RJ",
    "Plano": "Mensal",
    "Convenio": "Bradesco Saúde",
    "RG": "12.345.678-9",
    "NomeSocial": "Nome Social Fictício",
    "Idade": "33",
    "Naturalidade": "São Paulo",
    "Nacionalidade": "Brasileira",
    "Observacoes": "Nenhuma observação adicional.",
    "Profissao": "Analista de Sistemas",
    "Renda": "4500,00",
    "FormaPagamento": "Cartão de Crédito",
    "Banco": "Banco do Brasil",
    "Agencia": "1234-5",
    "Conta": "67890-1",
    "NumeroEndereco": "100",
    "Complemento": "Apto 202",
    "Bairro": "Centro",
    "Cidade": "São Paulo",
    "Estado": "SP",
    "CEP": "01000-000",
    "Escolaridade": "Superior Completo",
    "NomeParente": "Carlos Mendes",
    "Parentesco": "Irmão",
    "TelefoneParente": "(11) 91234-0000",
    "OndeNosConheceu": "Instagram",
    "EncaminhadoPor": "Médico",
    "Tags": [
      "VIP",
      "Newsletter"
    ],
    "CorIdentificacao": "#FF5733"
  },
  {
    "NomeCompleto": "Ana Paula Mendes",
    "CPF": "222.333.444-55",
    "DataNascimento": "1993-07-12",
    "Telefone": "(41) 98765-4321",
    "Email": "ana.mendes@email.com",
    "Sessao": {
      "Data": "26/10/23",
      "Horario": "13:30",
      "Status": "Pago",
      "Frequencia": "Semanal"
    },
    "Genero": "Masculino",
    "Endereco": "Av. Brasil, 456 - Rio de Janeiro, RJ",
    "Plano": "Anual",
    "Convenio": "Particular",
    "RG": "12.345.678-9",
    "NomeSocial": "Nome Social Fictício",
    "Idade": "33",
    "Naturalidade": "São Paulo",
    "Nacionalidade": "Brasileira",
    "Observacoes": "Nenhuma observação adicional.",
    "Profissao": "Analista de Sistemas",
    "Renda": "4500,00",
    "FormaPagamento": "Cartão de Crédito",
    "Banco": "Banco do Brasil",
    "Agencia": "1234-5",
    "Conta": "67890-1",
    "NumeroEndereco": "100",
    "Complemento": "Apto 202",
    "Bairro": "Centro",
    "Cidade": "São Paulo",
    "Estado": "SP",
    "CEP": "01000-000",
    "Escolaridade": "Superior Completo",
    "NomeParente": "Carlos Mendes",
    "Parentesco": "Irmão",
    "TelefoneParente": "(11) 91234-0000",
    "OndeNosConheceu": "Instagram",
    "EncaminhadoPor": "Médico",
    "Tags": [
      "VIP",
      "Newsletter"
    ],
    "CorIdentificacao": "#FF5733"
  },
  {
    "NomeCompleto": "Felipe Andrade",
    "CPF": "333.444.555-66",
    "DataNascimento": "1989-11-03",
    "Telefone": "(51) 97654-3210",
    "Email": "felipe.andrade@email.com",
    "Sessao": {
      "Data": "27/10/23",
      "Horario": "09:00",
      "Status": "Pagar",
      "Frequencia": "Trimestral"
    },
    "Genero": "Feminino",
    "Endereco": "Av. Brasil, 456 - Rio de Janeiro, RJ",
    "Plano": "Avulso",
    "Convenio": "Unimed",
    "RG": "12.345.678-9",
    "NomeSocial": "Nome Social Fictício",
    "Idade": "33",
    "Naturalidade": "São Paulo",
    "Nacionalidade": "Brasileira",
    "Observacoes": "Nenhuma observação adicional.",
    "Profissao": "Analista de Sistemas",
    "Renda": "4500,00",
    "FormaPagamento": "Cartão de Crédito",
    "Banco": "Banco do Brasil",
    "Agencia": "1234-5",
    "Conta": "67890-1",
    "NumeroEndereco": "100",
    "Complemento": "Apto 202",
    "Bairro": "Centro",
    "Cidade": "São Paulo",
    "Estado": "SP",
    "CEP": "01000-000",
    "Escolaridade": "Superior Completo",
    "NomeParente": "Carlos Mendes",
    "Parentesco": "Irmão",
    "TelefoneParente": "(11) 91234-0000",
    "OndeNosConheceu": "Instagram",
    "EncaminhadoPor": "Médico",
    "Tags": [
      "VIP",
      "Newsletter"
    ],
    "CorIdentificacao": "#FF5733"
  },
  {
    "NomeCompleto": "Juliana Lima",
    "CPF": "444.555.666-77",
    "DataNascimento": "1995-04-20",
    "Telefone": "(61) 99887-6543",
    "Email": "juliana.lima@email.com",
    "Sessao": {
      "Data": "27/10/23",
      "Horario": "15:00",
      "Status": "Pago",
      "Frequencia": "Mensal"
    },
    "Genero": "Outro",
    "Endereco": "Av. Brasil, 456 - Rio de Janeiro, RJ",
    "Plano": "Mensal",
    "Convenio": "Bradesco Saúde",
    "RG": "12.345.678-9",
    "NomeSocial": "Nome Social Fictício",
    "Idade": "33",
    "Naturalidade": "São Paulo",
    "Nacionalidade": "Brasileira",
    "Observacoes": "Nenhuma observação adicional.",
    "Profissao": "Analista de Sistemas",
    "Renda": "4500,00",
    "FormaPagamento": "Cartão de Crédito",
    "Banco": "Banco do Brasil",
    "Agencia": "1234-5",
    "Conta": "67890-1",
    "NumeroEndereco": "100",
    "Complemento": "Apto 202",
    "Bairro": "Centro",
    "Cidade": "São Paulo",
    "Estado": "SP",
    "CEP": "01000-000",
    "Escolaridade": "Superior Completo",
    "NomeParente": "Carlos Mendes",
    "Parentesco": "Irmão",
    "TelefoneParente": "(11) 91234-0000",
    "OndeNosConheceu": "Instagram",
    "EncaminhadoPor": "Médico",
    "Tags": [
      "VIP",
      "Newsletter"
    ],
    "CorIdentificacao": "#FF5733"
  },
  {
    "NomeCompleto": "Rodrigo Martins",
    "CPF": "555.666.777-88",
    "DataNascimento": "1987-08-15",
    "Telefone": "(71) 98876-5432",
    "Email": "rodrigo.martins@email.com",
    "Sessao": {
      "Data": "28/10/23",
      "Horario": "12:00",
      "Status": "Pago",
      "Frequencia": "Semanal"
    },
    "Genero": "Feminino",
    "Endereco": "Av. Paraná, 321 - Curitiba, PR",
    "Plano": "Avulso",
    "Convenio": "Particular",
    "RG": "12.345.678-9",
    "NomeSocial": "Nome Social Fictício",
    "Idade": "33",
    "Naturalidade": "São Paulo",
    "Nacionalidade": "Brasileira",
    "Observacoes": "Nenhuma observação adicional.",
    "Profissao": "Analista de Sistemas",
    "Renda": "4500,00",
    "FormaPagamento": "Cartão de Crédito",
    "Banco": "Banco do Brasil",
    "Agencia": "1234-5",
    "Conta": "67890-1",
    "NumeroEndereco": "100",
    "Complemento": "Apto 202",
    "Bairro": "Centro",
    "Cidade": "São Paulo",
    "Estado": "SP",
    "CEP": "01000-000",
    "Escolaridade": "Superior Completo",
    "NomeParente": "Carlos Mendes",
    "Parentesco": "Irmão",
    "TelefoneParente": "(11) 91234-0000",
    "OndeNosConheceu": "Instagram",
    "EncaminhadoPor": "Médico",
    "Tags": [
      "VIP",
      "Newsletter"
    ],
    "CorIdentificacao": "#FF5733"
  },
  {
    "NomeCompleto": "Fernanda Dias",
    "CPF": "666.777.888-99",
    "DataNascimento": "1991-03-11",
    "Telefone": "(81) 97765-4321",
    "Email": "fernanda.dias@email.com",
    "Sessao": {
      "Data": "28/10/23",
      "Horario": "16:30",
      "Status": "Liberado",
      "Frequencia": "Quinzenal"
    },
    "Genero": "Feminino",
    "Endereco": "Av. Brasil, 456 - Rio de Janeiro, RJ",
    "Plano": "Mensal",
    "Convenio": "Amil",
    "RG": "12.345.678-9",
    "NomeSocial": "Nome Social Fictício",
    "Idade": "33",
    "Naturalidade": "São Paulo",
    "Nacionalidade": "Brasileira",
    "Observacoes": "Nenhuma observação adicional.",
    "Profissao": "Analista de Sistemas",
    "Renda": "4500,00",
    "FormaPagamento": "Cartão de Crédito",
    "Banco": "Banco do Brasil",
    "Agencia": "1234-5",
    "Conta": "67890-1",
    "NumeroEndereco": "100",
    "Complemento": "Apto 202",
    "Bairro": "Centro",
    "Cidade": "São Paulo",
    "Estado": "SP",
    "CEP": "01000-000",
    "Escolaridade": "Superior Completo",
    "NomeParente": "Carlos Mendes",
    "Parentesco": "Irmão",
    "TelefoneParente": "(11) 91234-0000",
    "OndeNosConheceu": "Instagram",
    "EncaminhadoPor": "Médico",
    "Tags": [
      "VIP",
      "Newsletter"
    ],
    "CorIdentificacao": "#FF5733"
  },
  {
    "NomeCompleto": "Eduardo Rocha",
    "CPF": "777.888.999-00",
    "DataNascimento": "1984-09-09",
    "Telefone": "(91) 96654-3210",
    "Email": "eduardo.rocha@email.com",
    "Sessao": {
      "Data": "29/10/23",
      "Horario": "10:00",
      "Status": "Pagar",
      "Frequencia": "Semanal"
    },
    "Genero": "Masculino",
    "Endereco": "Rua das Acácias, 55 - Goiânia, GO",
    "Plano": "Mensal",
    "Convenio": "SulAmérica",
    "RG": "12.345.678-9",
    "NomeSocial": "Nome Social Fictício",
    "Idade": "33",
    "Naturalidade": "São Paulo",
    "Nacionalidade": "Brasileira",
    "Observacoes": "Nenhuma observação adicional.",
    "Profissao": "Analista de Sistemas",
    "Renda": "4500,00",
    "FormaPagamento": "Cartão de Crédito",
    "Banco": "Banco do Brasil",
    "Agencia": "1234-5",
    "Conta": "67890-1",
    "NumeroEndereco": "100",
    "Complemento": "Apto 202",
    "Bairro": "Centro",
    "Cidade": "São Paulo",
    "Estado": "SP",
    "CEP": "01000-000",
    "Escolaridade": "Superior Completo",
    "NomeParente": "Carlos Mendes",
    "Parentesco": "Irmão",
    "TelefoneParente": "(11) 91234-0000",
    "OndeNosConheceu": "Instagram",
    "EncaminhadoPor": "Médico",
    "Tags": [
      "VIP",
      "Newsletter"
    ],
    "CorIdentificacao": "#FF5733"
  },
  {
    "NomeCompleto": "Patrícia Gomes",
    "CPF": "888.999.000-11",
    "DataNascimento": "1996-12-22",
    "Telefone": "(85) 95543-2109",
    "Email": "patricia.gomes@email.com",
    "Sessao": {
      "Data": "29/10/23",
      "Horario": "14:00",
      "Status": "Pago",
      "Frequencia": "Mensal"
    },
    "Genero": "Outro",
    "Endereco": "Av. Amazonas, 1010 - Manaus, AM",
    "Plano": "Anual",
    "Convenio": "Bradesco Saúde",
    "RG": "12.345.678-9",
    "NomeSocial": "Nome Social Fictício",
    "Idade": "33",
    "Naturalidade": "São Paulo",
    "Nacionalidade": "Brasileira",
    "Observacoes": "Nenhuma observação adicional.",
    "Profissao": "Analista de Sistemas",
    "Renda": "4500,00",
    "FormaPagamento": "Cartão de Crédito",
    "Banco": "Banco do Brasil",
    "Agencia": "1234-5",
    "Conta": "67890-1",
    "NumeroEndereco": "100",
    "Complemento": "Apto 202",
    "Bairro": "Centro",
    "Cidade": "São Paulo",
    "Estado": "SP",
    "CEP": "01000-000",
    "Escolaridade": "Superior Completo",
    "NomeParente": "Carlos Mendes",
    "Parentesco": "Irmão",
    "TelefoneParente": "(11) 91234-0000",
    "OndeNosConheceu": "Instagram",
    "EncaminhadoPor": "Médico",
    "Tags": [
      "VIP",
      "Newsletter"
    ],
    "CorIdentificacao": "#FF5733"
  },
  {
    "NomeCompleto": "Rafael Barros",
    "CPF": "999.000.111-22",
    "DataNascimento": "1990-06-30",
    "Telefone": "(95) 94432-1098",
    "Email": "rafael.barros@email.com",
    "Sessao": {
      "Data": "30/10/23",
      "Horario": "09:30",
      "Status": "Pagar",
      "Frequencia": "Trimestral"
    },
    "Genero": "Masculino",
    "Endereco": "Rua da Liberdade, 333 - Salvador, BA",
    "Plano": "Mensal",
    "Convenio": "Amil",
    "RG": "12.345.678-9",
    "NomeSocial": "Nome Social Fictício",
    "Idade": "33",
    "Naturalidade": "São Paulo",
    "Nacionalidade": "Brasileira",
    "Observacoes": "Nenhuma observação adicional.",
    "Profissao": "Analista de Sistemas",
    "Renda": "4500,00",
    "FormaPagamento": "Cartão de Crédito",
    "Banco": "Banco do Brasil",
    "Agencia": "1234-5",
    "Conta": "67890-1",
    "NumeroEndereco": "100",
    "Complemento": "Apto 202",
    "Bairro": "Centro",
    "Cidade": "São Paulo",
    "Estado": "SP",
    "CEP": "01000-000",
    "Escolaridade": "Superior Completo",
    "NomeParente": "Carlos Mendes",
    "Parentesco": "Irmão",
    "TelefoneParente": "(11) 91234-0000",
    "OndeNosConheceu": "Instagram",
    "EncaminhadoPor": "Médico",
    "Tags": [
      "VIP",
      "Newsletter"
    ],
    "CorIdentificacao": "#FF5733"
  },
  {
    "NomeCompleto": "Isabela Ferreira",
    "CPF": "000.111.222-33",
    "DataNascimento": "1988-02-17",
    "Telefone": "(96) 93321-0987",
    "Email": "isabela.ferreira@email.com",
    "Sessao": {
      "Data": "30/10/23",
      "Horario": "11:00",
      "Status": "Liberado",
      "Frequencia": "Quinzenal"
    },
    "Genero": "Outro",
    "Endereco": "Rua da Liberdade, 333 - Salvador, BA",
    "Plano": "Anual",
    "Convenio": "SulAmérica",
    "RG": "12.345.678-9",
    "NomeSocial": "Nome Social Fictício",
    "Idade": "33",
    "Naturalidade": "São Paulo",
    "Nacionalidade": "Brasileira",
    "Observacoes": "Nenhuma observação adicional.",
    "Profissao": "Analista de Sistemas",
    "Renda": "4500,00",
    "FormaPagamento": "Cartão de Crédito",
    "Banco": "Banco do Brasil",
    "Agencia": "1234-5",
    "Conta": "67890-1",
    "NumeroEndereco": "100",
    "Complemento": "Apto 202",
    "Bairro": "Centro",
    "Cidade": "São Paulo",
    "Estado": "SP",
    "CEP": "01000-000",
    "Escolaridade": "Superior Completo",
    "NomeParente": "Carlos Mendes",
    "Parentesco": "Irmão",
    "TelefoneParente": "(11) 91234-0000",
    "OndeNosConheceu": "Instagram",
    "EncaminhadoPor": "Médico",
    "Tags": [
      "VIP",
      "Newsletter"
    ],
    "CorIdentificacao": "#FF5733"
  },
  {
    "NomeCompleto": "Marcos Vinicius",
    "CPF": "111.222.333-44",
    "DataNascimento": "1993-05-05",
    "Telefone": "(92) 92210-9876",
    "Email": "marcos.vinicius@email.com",
    "Sessao": {
      "Data": "31/10/23",
      "Horario": "15:00",
      "Status": "Pago",
      "Frequencia": "Semanal"
    },
    "Genero": "Outro",
    "Endereco": "Rua das Palmeiras, 123 - São Paulo, SP",
    "Plano": "Mensal",
    "Convenio": "Particular",
    "RG": "12.345.678-9",
    "NomeSocial": "Nome Social Fictício",
    "Idade": "33",
    "Naturalidade": "São Paulo",
    "Nacionalidade": "Brasileira",
    "Observacoes": "Nenhuma observação adicional.",
    "Profissao": "Analista de Sistemas",
    "Renda": "4500,00",
    "FormaPagamento": "Cartão de Crédito",
    "Banco": "Banco do Brasil",
    "Agencia": "1234-5",
    "Conta": "67890-1",
    "NumeroEndereco": "100",
    "Complemento": "Apto 202",
    "Bairro": "Centro",
    "Cidade": "São Paulo",
    "Estado": "SP",
    "CEP": "01000-000",
    "Escolaridade": "Superior Completo",
    "NomeParente": "Carlos Mendes",
    "Parentesco": "Irmão",
    "TelefoneParente": "(11) 91234-0000",
    "OndeNosConheceu": "Instagram",
    "EncaminhadoPor": "Médico",
    "Tags": [
      "VIP",
      "Newsletter"
    ],
    "CorIdentificacao": "#FF5733"
  },
  {
    "NomeCompleto": "Larissa Monteiro",
    "CPF": "222.333.444-55",
    "DataNascimento": "1986-07-19",
    "Telefone": "(62) 91109-8765",
    "Email": "larissa.monteiro@email.com",
    "Sessao": {
      "Data": "31/10/23",
      "Horario": "17:00",
      "Status": "Pago",
      "Frequencia": "Mensal"
    },
    "Genero": "Masculino",
    "Endereco": "Av. Paraná, 321 - Curitiba, PR",
    "Plano": "Anual",
    "Convenio": "Bradesco Saúde",
    "RG": "12.345.678-9",
    "NomeSocial": "Nome Social Fictício",
    "Idade": "33",
    "Naturalidade": "São Paulo",
    "Nacionalidade": "Brasileira",
    "Observacoes": "Nenhuma observação adicional.",
    "Profissao": "Analista de Sistemas",
    "Renda": "4500,00",
    "FormaPagamento": "Cartão de Crédito",
    "Banco": "Banco do Brasil",
    "Agencia": "1234-5",
    "Conta": "67890-1",
    "NumeroEndereco": "100",
    "Complemento": "Apto 202",
    "Bairro": "Centro",
    "Cidade": "São Paulo",
    "Estado": "SP",
    "CEP": "01000-000",
    "Escolaridade": "Superior Completo",
    "NomeParente": "Carlos Mendes",
    "Parentesco": "Irmão",
    "TelefoneParente": "(11) 91234-0000",
    "OndeNosConheceu": "Instagram",
    "EncaminhadoPor": "Médico",
    "Tags": [
      "VIP",
      "Newsletter"
    ],
    "CorIdentificacao": "#FF5733"
  },
  {
    "NomeCompleto": "Tiago Santos",
    "CPF": "333.444.555-66",
    "DataNascimento": "1997-10-01",
    "Telefone": "(63) 90098-7654",
    "Email": "tiago.santos@email.com",
    "Sessao": {
      "Data": "01/11/23",
      "Horario": "10:00",
      "Status": "Pagar",
      "Frequencia": "Semanal"
    },
    "Genero": "Feminino",
    "Endereco": "Rua Minas Gerais, 789 - Belo Horizonte, MG",
    "Plano": "Avulso",
    "Convenio": "Particular",
    "RG": "12.345.678-9",
    "NomeSocial": "Nome Social Fictício",
    "Idade": "33",
    "Naturalidade": "São Paulo",
    "Nacionalidade": "Brasileira",
    "Observacoes": "Nenhuma observação adicional.",
    "Profissao": "Analista de Sistemas",
    "Renda": "4500,00",
    "FormaPagamento": "Cartão de Crédito",
    "Banco": "Banco do Brasil",
    "Agencia": "1234-5",
    "Conta": "67890-1",
    "NumeroEndereco": "100",
    "Complemento": "Apto 202",
    "Bairro": "Centro",
    "Cidade": "São Paulo",
    "Estado": "SP",
    "CEP": "01000-000",
    "Escolaridade": "Superior Completo",
    "NomeParente": "Carlos Mendes",
    "Parentesco": "Irmão",
    "TelefoneParente": "(11) 91234-0000",
    "OndeNosConheceu": "Instagram",
    "EncaminhadoPor": "Médico",
    "Tags": [
      "VIP",
      "Newsletter"
    ],
    "CorIdentificacao": "#FF5733"
  },
  {
    "NomeCompleto": "Camila Braga",
    "CPF": "444.555.666-77",
    "DataNascimento": "1992-01-28",
    "Telefone": "(64) 88987-6543",
    "Email": "camila.braga@email.com",
    "Sessao": {
      "Data": "01/11/23",
      "Horario": "13:30",
      "Status": "Liberado",
      "Frequencia": "Quinzenal"
    },
    "Genero": "Outro",
    "Endereco": "Rua da Liberdade, 333 - Salvador, BA",
    "Plano": "Trimestral",
    "Convenio": "Bradesco Saúde",
    "RG": "12.345.678-9",
    "NomeSocial": "Nome Social Fictício",
    "Idade": "33",
    "Naturalidade": "São Paulo",
    "Nacionalidade": "Brasileira",
    "Observacoes": "Nenhuma observação adicional.",
    "Profissao": "Analista de Sistemas",
    "Renda": "4500,00",
    "FormaPagamento": "Cartão de Crédito",
    "Banco": "Banco do Brasil",
    "Agencia": "1234-5",
    "Conta": "67890-1",
    "NumeroEndereco": "100",
    "Complemento": "Apto 202",
    "Bairro": "Centro",
    "Cidade": "São Paulo",
    "Estado": "SP",
    "CEP": "01000-000",
    "Escolaridade": "Superior Completo",
    "NomeParente": "Carlos Mendes",
    "Parentesco": "Irmão",
    "TelefoneParente": "(11) 91234-0000",
    "OndeNosConheceu": "Instagram",
    "EncaminhadoPor": "Médico",
    "Tags": [
      "VIP",
      "Newsletter"
    ],
    "CorIdentificacao": "#FF5733"
  },
  {
    "NomeCompleto": "Lucas Almeida",
    "CPF": "555.666.777-88",
    "DataNascimento": "1994-03-06",
    "Telefone": "(65) 87876-5432",
    "Email": "lucas.almeida@email.com",
    "Sessao": {
      "Data": "02/11/23",
      "Horario": "09:00",
      "Status": "Pago",
      "Frequencia": "Mensal"
    },
    "Genero": "Masculino",
    "Endereco": "Rua das Palmeiras, 123 - São Paulo, SP",
    "Plano": "Avulso",
    "Convenio": "Particular",
    "RG": "12.345.678-9",
    "NomeSocial": "Nome Social Fictício",
    "Idade": "33",
    "Naturalidade": "São Paulo",
    "Nacionalidade": "Brasileira",
    "Observacoes": "Nenhuma observação adicional.",
    "Profissao": "Analista de Sistemas",
    "Renda": "4500,00",
    "FormaPagamento": "Cartão de Crédito",
    "Banco": "Banco do Brasil",
    "Agencia": "1234-5",
    "Conta": "67890-1",
    "NumeroEndereco": "100",
    "Complemento": "Apto 202",
    "Bairro": "Centro",
    "Cidade": "São Paulo",
    "Estado": "SP",
    "CEP": "01000-000",
    "Escolaridade": "Superior Completo",
    "NomeParente": "Carlos Mendes",
    "Parentesco": "Irmão",
    "TelefoneParente": "(11) 91234-0000",
    "OndeNosConheceu": "Instagram",
    "EncaminhadoPor": "Médico",
    "Tags": [
      "VIP",
      "Newsletter"
    ],
    "CorIdentificacao": "#FF5733"
  },
  {
    "NomeCompleto": "Beatriz Castro",
    "CPF": "666.777.888-99",
    "DataNascimento": "1998-11-23",
    "Telefone": "(66) 86765-4321",
    "Email": "beatriz.castro@email.com",
    "Sessao": {
      "Data": "02/11/23",
      "Horario": "11:30",
      "Status": "Pagar",
      "Frequencia": "Trimestral"
    },
    "Genero": "Feminino",
    "Endereco": "Av. Brasil, 456 - Rio de Janeiro, RJ",
    "Plano": "Mensal",
    "Convenio": "Bradesco Saúde",
    "RG": "12.345.678-9",
    "NomeSocial": "Nome Social Fictício",
    "Idade": "33",
    "Naturalidade": "São Paulo",
    "Nacionalidade": "Brasileira",
    "Observacoes": "Nenhuma observação adicional.",
    "Profissao": "Analista de Sistemas",
    "Renda": "4500,00",
    "FormaPagamento": "Cartão de Crédito",
    "Banco": "Banco do Brasil",
    "Agencia": "1234-5",
    "Conta": "67890-1",
    "NumeroEndereco": "100",
    "Complemento": "Apto 202",
    "Bairro": "Centro",
    "Cidade": "São Paulo",
    "Estado": "SP",
    "CEP": "01000-000",
    "Escolaridade": "Superior Completo",
    "NomeParente": "Carlos Mendes",
    "Parentesco": "Irmão",
    "TelefoneParente": "(11) 91234-0000",
    "OndeNosConheceu": "Instagram",
    "EncaminhadoPor": "Médico",
    "Tags": [
      "VIP",
      "Newsletter"
    ],
    "CorIdentificacao": "#FF5733"
  },
  {
    "NomeCompleto": "Renato Nogueira",
    "CPF": "777.888.999-00",
    "DataNascimento": "1983-06-18",
    "Telefone": "(67) 85654-3210",
    "Email": "renato.nogueira@email.com",
    "Sessao": {
      "Data": "03/11/23",
      "Horario": "14:00",
      "Status": "Pago",
      "Frequencia": "Semanal"
    },
    "Genero": "Outro",
    "Endereco": "Rua Minas Gerais, 789 - Belo Horizonte, MG",
    "Plano": "Avulso",
    "Convenio": "SulAmérica",
    "RG": "12.345.678-9",
    "NomeSocial": "Nome Social Fictício",
    "Idade": "33",
    "Naturalidade": "São Paulo",
    "Nacionalidade": "Brasileira",
    "Observacoes": "Nenhuma observação adicional.",
    "Profissao": "Analista de Sistemas",
    "Renda": "4500,00",
    "FormaPagamento": "Cartão de Crédito",
    "Banco": "Banco do Brasil",
    "Agencia": "1234-5",
    "Conta": "67890-1",
    "NumeroEndereco": "100",
    "Complemento": "Apto 202",
    "Bairro": "Centro",
    "Cidade": "São Paulo",
    "Estado": "SP",
    "CEP": "01000-000",
    "Escolaridade": "Superior Completo",
    "NomeParente": "Carlos Mendes",
    "Parentesco": "Irmão",
    "TelefoneParente": "(11) 91234-0000",
    "OndeNosConheceu": "Instagram",
    "EncaminhadoPor": "Médico",
    "Tags": [
      "VIP",
      "Newsletter"
    ],
    "CorIdentificacao": "#FF5733"
  },
  {
    "NomeCompleto": "Natália Ribeiro",
    "CPF": "888.999.000-11",
    "DataNascimento": "1999-09-14",
    "Telefone": "(68) 84543-2109",
    "Email": "natalia.ribeiro@email.com",
    "Sessao": {
      "Data": "03/11/23",
      "Horario": "16:00",
      "Status": "Liberado",
      "Frequencia": "Mensal"
    },
    "Genero": "Outro",
    "Endereco": "Rua das Acácias, 55 - Goiânia, GO",
    "Plano": "Avulso",
    "Convenio": "Particular",
    "RG": "12.345.678-9",
    "NomeSocial": "Nome Social Fictício",
    "Idade": "33",
    "Naturalidade": "São Paulo",
    "Nacionalidade": "Brasileira",
    "Observacoes": "Nenhuma observação adicional.",
    "Profissao": "Analista de Sistemas",
    "Renda": "4500,00",
    "FormaPagamento": "Cartão de Crédito",
    "Banco": "Banco do Brasil",
    "Agencia": "1234-5",
    "Conta": "67890-1",
    "NumeroEndereco": "100",
    "Complemento": "Apto 202",
    "Bairro": "Centro",
    "Cidade": "São Paulo",
    "Estado": "SP",
    "CEP": "01000-000",
    "Escolaridade": "Superior Completo",
    "NomeParente": "Carlos Mendes",
    "Parentesco": "Irmão",
    "TelefoneParente": "(11) 91234-0000",
    "OndeNosConheceu": "Instagram",
    "EncaminhadoPor": "Médico",
    "Tags": [
      "VIP",
      "Newsletter"
    ],
    "CorIdentificacao": "#FF5733"
  }
]